{"activity_stats": {"Receive Invoice": {"overall": {"type": "lognormal", "shape": 0.007786292761264676, "loc": 0.0, "scale": 28798.92877930764, "mean": 28799.47155473403, "std": 110.62064802572098, "median": 28800.0, "p95": 28800.0}, "by_resource": {"Accounts Payable Clerk": {"type": "lognormal", "shape": 0.007786292761264676, "loc": 0.0, "scale": 28798.92877930764, "mean": 28799.47155473403, "std": 110.62064802572098, "median": 28800.0, "p95": 28800.0}}}, "Digitize Invoice": {"overall": {"type": "lognormal", "shape": 0.002723086765384978, "loc": 0.0, "scale": 28799.482621795294, "mean": 28799.576107061257, "std": 64.25369668857326, "median": 28800.0, "p95": 28800.0}, "by_resource": {"OCR": {"type": "lognormal", "shape": 0.002723086765384978, "loc": 0.0, "scale": 28799.482621795294, "mean": 28799.576107061257, "std": 64.25369668857326, "median": 28800.0, "p95": 28800.0}}}, "Verify Info": {"overall": {"type": "lognormal", "shape": 0.007173779232294598, "loc": 0.0, "scale": 28798.520627372138, "mean": 28799.061449899888, "std": 129.35631435416462, "median": 28800.0, "p95": 28800.0}, "by_resource": {"Accounts Payable Clerk": {"type": "lognormal", "shape": 0.007173779232294598, "loc": 0.0, "scale": 28798.520627372138, "mean": 28799.061449899888, "std": 129.35631435416462, "median": 28800.0, "p95": 28800.0}}}, "Send Invoice to ERP": {"overall": {"type": "lognormal", "shape": 0.013030127677898226, "loc": 0.0, "scale": 28797.29768010312, "mean": 28798.672579541773, "std": 163.58951734807854, "median": 28800.0, "p95": 28800.0}, "by_resource": {"OCR": {"type": "lognormal", "shape": 0.013030127677898226, "loc": 0.0, "scale": 28797.29768010312, "mean": 28798.672579541773, "std": 163.58951734807854, "median": 28800.0, "p95": 28800.0}}}, "Match Invoice": {"overall": {"type": "lognormal", "shape": 0.03381687724282992, "loc": 0.0, "scale": 28793.420583187344, "mean": 28798.69420638815, "std": 193.26958570149438, "median": 28800.0, "p95": 28800.0}, "by_resource": {"ERP": {"type": "lognormal", "shape": 0.03381687724282992, "loc": 0.0, "scale": 28793.420583187344, "mean": 28798.69420638815, "std": 193.26958570149438, "median": 28800.0, "p95": 28800.0}}}, "Validate Invoice": {"overall": {"type": "lognormal", "shape": 2.1346381181679217e-14, "loc": 0.0, "scale": 28799.999999999894, "mean": 28800.0, "std": 0.0, "median": 28800.0, "p95": 28800.0}, "by_resource": {"Accounts Payable Clerk": {"type": "lognormal", "shape": 2.1346381181679217e-14, "loc": 0.0, "scale": 28799.999999999894, "mean": 28800.0, "std": 0.0, "median": 28800.0, "p95": 28800.0}}}, "Approve Invoice": {"overall": {"type": "lognormal", "shape": 9.263213746660605e-05, "loc": 0.0, "scale": 28799.987253535022, "mean": 28799.987376302604, "std": 2.642110009543765, "median": 28800.0, "p95": 28800.0}, "by_resource": {"Accounts Payable Manager": {"type": "lognormal", "shape": 9.263213746660605e-05, "loc": 0.0, "scale": 28799.987253535022, "mean": 28799.987376302604, "std": 2.642110009543765, "median": 28800.0, "p95": 28800.0}}}, "Prepare Payment": {"overall": {"type": "lognormal", "shape": 1.7763568394002505e-15, "loc": 0.0, "scale": 28800.000000000044, "mean": 28800.0, "std": 0.0, "median": 28800.0, "p95": 28800.0}, "by_resource": {"bot": {"type": "lognormal", "shape": 1.7763568394002505e-15, "loc": 0.0, "scale": 28800.000000000044, "mean": 28800.0, "std": 0.0, "median": 28800.0, "p95": 28800.0}}}, "Initiate Payment": {"overall": {"type": "lognormal", "shape": 0.012105084569030634, "loc": 0.0, "scale": 28796.345768273513, "mean": 28797.767674966566, "std": 197.90367795325304, "median": 28800.0, "p95": 28800.0}, "by_resource": {"bot": {"type": "lognormal", "shape": 0.012105084569030634, "loc": 0.0, "scale": 28796.345768273513, "mean": 28797.767674966566, "std": 197.90367795325304, "median": 28800.0, "p95": 28800.0}}}, "Payment Sent": {"overall": {"type": "lognormal", "shape": 0.0062323567838002865, "loc": 0.0, "scale": 28798.87347193771, "mean": 28799.28580619748, "std": 113.7916418754947, "median": 28800.0, "p95": 28800.0}, "by_resource": {"Treasury Department": {"type": "lognormal", "shape": 0.0062323567838002865, "loc": 0.0, "scale": 28798.87347193771, "mean": 28799.28580619748, "std": 113.7916418754947, "median": 28800.0, "p95": 28800.0}}}, "Payment Not Confirmed": {"overall": {"type": "lognormal", "shape": 3.552713678800501e-15, "loc": 0.0, "scale": 28799.99999999989, "mean": 28800.0, "std": 0.0, "median": 28800.0, "p95": 28800.0}, "by_resource": {"Vendor": {"type": "lognormal", "shape": 3.552713678800501e-15, "loc": 0.0, "scale": 28799.99999999989, "mean": 28800.0, "std": 0.0, "median": 28800.0, "p95": 28800.0}}}, "Invoice Manual Processing": {"overall": {"type": "lognormal", "shape": 3.552713678800501e-15, "loc": 0.0, "scale": 28799.99999999989, "mean": 28800.0, "std": 0.0, "median": 28800.0, "p95": 28800.0}, "by_resource": {"Accounts Payable Clerk": {"type": "lognormal", "shape": 3.552713678800501e-15, "loc": 0.0, "scale": 28799.99999999989, "mean": 28800.0, "std": 0.0, "median": 28800.0, "p95": 28800.0}}}, "Payment Confirmed": {"overall": {"type": "lognormal", "shape": 1.7763568394002505e-15, "loc": 0.0, "scale": 28799.99999999994, "mean": 28800.0, "std": 0.0, "median": 28800.0, "p95": 28800.0}, "by_resource": {"Vendor": {"type": "lognormal", "shape": 1.7763568394002505e-15, "loc": 0.0, "scale": 28799.99999999994, "mean": 28800.0, "std": 0.0, "median": 28800.0, "p95": 28800.0}}}, "Reject Invoice": {"overall": {"type": "lognormal", "shape": 2.1346381181679217e-14, "loc": 0.0, "scale": 28799.999999999894, "mean": 28800.0, "std": 0.0, "median": 28800.0, "p95": 28800.0}, "by_resource": {"Accounts Payable Manager": {"type": "lognormal", "shape": 2.1346381181679217e-14, "loc": 0.0, "scale": 28799.999999999894, "mean": 28800.0, "std": 0.0, "median": 28800.0, "p95": 28800.0}}}}, "resource_stats": {"Accounts Payable Clerk": {"total_tasks": 270572, "total_active_seconds": 7792341037.0, "activities_handled": ["Receive Invoice", "Verify Info", "Validate Invoice", "Invoice Manual Processing"], "avg_task_duration": 28799.5100638647}, "OCR": {"total_tasks": 175231, "total_active_seconds": 5046503238.0, "activities_handled": ["Digitize Invoice", "Send Invoice to ERP"], "avg_task_duration": 28799.146486637637}, "ERP": {"total_tasks": 87631, "total_active_seconds": 2523658372.0, "activities_handled": ["Match Invoice"], "avg_task_duration": 28798.69420638815}, "Accounts Payable Manager": {"total_tasks": 87629, "total_active_seconds": 2523714094.0, "activities_handled": ["Approve Invoice", "Reject Invoice"], "avg_task_duration": 28799.987378607537}, "bot": {"total_tasks": 157695, "total_active_seconds": 4541440729.0, "activities_handled": ["Prepare Payment", "Initiate Payment"], "avg_task_duration": 28798.888544341928}, "Treasury Department": {"total_tasks": 76160, "total_active_seconds": 2193353607.0, "activities_handled": ["Payment Sent"], "avg_task_duration": 28799.28580619748}, "Vendor": {"total_tasks": 4074, "total_active_seconds": 117331200.0, "activities_handled": ["Payment Not Confirmed", "Payment Confirmed"], "avg_task_duration": 28800.0}}, "branching_probabilities": {"Receive Invoice": {"Digitize Invoice": 0.8659432692088268, "Verify Info": 0.0783072043084366, "Invoice Manual Processing": 0.043209876543209874, "Send Invoice to ERP": 0.006903082996736724, "Match Invoice": 0.004735172634125191, "Receive Invoice": 0.00044499212706236737, "Validate Invoice": 0.00043358207252230664, "Approve Invoice": 1.1410054540060701e-05, "Prepare Payment": 1.1410054540060701e-05}, "Digitize Invoice": {"Verify Info": 0.9088238494179088, "Send Invoice to ERP": 0.07451855075617451, "Digitize Invoice": 0.00817103688390817, "Match Invoice": 0.007648786856707649, "Validate Invoice": 0.0006963333696006963, "Approve Invoice": 0.00013056250680013056, "Prepare Payment": 1.088020890001088e-05}, "Verify Info": {"Send Invoice to ERP": 0.8246496039000609, "Digitize Invoice": 0.08215809175589797, "Match Invoice": 0.07723948811700183,